NATSPAC,NATSPACY,NATSPACSTD
NATENVIR,NATENVIY,NATENVIRSTD
NATHEAL,NATHEALY,NATHEALSTD
NATCITY,NATCITYY,NATCITYSTD
NATCRIME,NATCRIMY,NATCRIMESTD
NATDRUG,NATDRUGY,NATDRUGSTD
NATEDUC,NATEDUCY,NATEDUCSTD
NATRACE,NATRACEY,NATRACESTD
NATARMS,NATARMSY,NATARMSSTD
NATAID,NATAIDY,NATAIDSTD
NATFARE,NATFAREY,NATFARESTD
